localfile	source_repo	source_path	url
microsoft_azurelinux__specs_n_nftables_main.nft.nft	microsoft/azurelinux	specs/n/nftables/main.nft	https://github.com/microsoft/azurelinux/blob/HEAD/specs/n/nftables/main.nft
firezone_firezone__scripts_router_router.nft.nft	firezone/firezone	scripts/router/router.nft	https://github.com/firezone/firezone/blob/HEAD/scripts/router/router.nft
vmware_photon__SPECS_nftables_nft_ruleset_photon.nft.nft	vmware/photon	SPECS/nftables/nft_ruleset_photon.nft	https://github.com/vmware/photon/blob/HEAD/SPECS/nftables/nft_ruleset_photon.nft
universal-ctags_ctags__Units_parser-nftables.r_nftables-quota.d_input.nft.nft	universal-ctags/ctags	Units/parser-nftables.r/nftables-quota.d/input.nft	https://github.com/universal-ctags/ctags/blob/HEAD/Units/parser-nftables.r/nftables-quota.d/input.nft
DShield-ISC_dshield__etc_network_ruleset-init.nft.nft	DShield-ISC/dshield	etc/network/ruleset-init.nft	https://github.com/DShield-ISC/dshield/blob/HEAD/etc/network/ruleset-init.nft
mlan_docker-asterisk__src_autoban_nft_autoban.nft.nft	mlan/docker-asterisk	src/autoban/nft/autoban.nft	https://github.com/mlan/docker-asterisk/blob/HEAD/src/autoban/nft/autoban.nft
pcollinson_nftfw__etc_nftfw_nftfw_init.nft.nft	pcollinson/nftfw	etc_nftfw/nftfw_init.nft	https://github.com/pcollinson/nftfw/blob/HEAD/etc_nftfw/nftfw_init.nft
greenpau_cni-plugins__assets_nftables_base_config.nft.nft	greenpau/cni-plugins	assets/nftables/base_config.nft	https://github.com/greenpau/cni-plugins/blob/HEAD/assets/nftables/base_config.nft
QubesOS_qubes-core-agent-linux__network_qubes-ipv4.nft.nft	QubesOS/qubes-core-agent-linux	network/qubes-ipv4.nft	https://github.com/QubesOS/qubes-core-agent-linux/blob/HEAD/network/qubes-ipv4.nft
chpc-tech-eval_scc__tutorial2_resources_hn.nft.nft	chpc-tech-eval/scc	tutorial2/resources/hn.nft	https://github.com/chpc-tech-eval/scc/blob/HEAD/tutorial2/resources/hn.nft
libreswan_libreswan__testing_guestbin_nftable-westneteastnet-ipsec-only.nft.nft	libreswan/libreswan	testing/guestbin/nftable-westneteastnet-ipsec-only.nft	https://github.com/libreswan/libreswan/blob/HEAD/testing/guestbin/nftable-westneteastnet-ipsec-only.nft
sej7278_virt-installs__host_config_ruleset.nft.nft	sej7278/virt-installs	host_config/ruleset.nft	https://github.com/sej7278/virt-installs/blob/HEAD/host_config/ruleset.nft
UMCST_linux-lab-docker__firewall.nft.nft	UMCST/linux-lab-docker	firewall.nft	https://github.com/UMCST/linux-lab-docker/blob/HEAD/firewall.nft
gene-git_wg_tool__scripts_postup.nft.nft	gene-git/wg_tool	scripts/postup.nft	https://github.com/gene-git/wg_tool/blob/HEAD/scripts/postup.nft
kennyballou_dotfiles__systems_bard_nftables-rules.nft.nft	kennyballou/dotfiles	systems/bard/nftables-rules.nft	https://github.com/kennyballou/dotfiles/blob/HEAD/systems/bard/nftables-rules.nft
ubune_openwrt-livebox__22-03_etc_-_wan_name_interface__eth0_nftables.d_10-custom-filter-chains.nft.nft	ubune/openwrt-livebox	22-03/etc - wan name interface = eth0/nftables.d/10-custom-filter-chains.nft	https://github.com/ubune/openwrt-livebox/blob/HEAD/22-03/etc - wan name interface = eth0/nftables.d/10-custom-filter-chains.nft
KDE_syntax-highlighting__autotests_input_highlight.nft.nft	KDE/syntax-highlighting	autotests/input/highlight.nft	https://github.com/KDE/syntax-highlighting/blob/HEAD/autotests/input/highlight.nft
chutz_mullvad-netns__rules.nft.nft	chutz/mullvad-netns	rules.nft	https://github.com/chutz/mullvad-netns/blob/HEAD/rules.nft
greg-hellings_nixos-config__hosts_unstable_genesis_nftables.nft.nft	greg-hellings/nixos-config	hosts/unstable/genesis/nftables.nft	https://github.com/greg-hellings/nixos-config/blob/HEAD/hosts/unstable/genesis/nftables.nft
VTimofeenko_wg-namespace-flake__modules_namespace_default_fw.nft.nft	VTimofeenko/wg-namespace-flake	modules/namespace_default_fw.nft	https://github.com/VTimofeenko/wg-namespace-flake/blob/HEAD/modules/namespace_default_fw.nft
lukehatcherRP_nftables__files_nftables_ipv6-filter.nft.nft	lukehatcherRP/nftables	files/nftables/ipv6-filter.nft	https://github.com/lukehatcherRP/nftables/blob/HEAD/files/nftables/ipv6-filter.nft
Thomas-Walker-Lynch_SubU__developer_DNS_10-block-IPv6.nft.nft	Thomas-Walker-Lynch/SubU	developer/DNS/10-block-IPv6.nft	https://github.com/Thomas-Walker-Lynch/SubU/blob/HEAD/developer/DNS/10-block-IPv6.nft
yinbaiyuan_houzzkit-f1-opensource__houzzkit-f1-rootfs-u2404_ubuntu-rootfs_usr_share_doc_nftables_examples_secmark.nft.nft	yinbaiyuan/houzzkit-f1-opensource	houzzkit-f1-rootfs-u2404/ubuntu-rootfs/usr/share/doc/nftables/examples/secmark.nft	https://github.com/yinbaiyuan/houzzkit-f1-opensource/blob/HEAD/houzzkit-f1-rootfs-u2404/ubuntu-rootfs/usr/share/doc/nftables/examples/secmark.nft
jahknem_rsf_2__firewallB_firewallB.nft.nft	jahknem/rsf_2	firewallB/firewallB.nft	https://github.com/jahknem/rsf_2/blob/HEAD/firewallB/firewallB.nft
sophos_spl-netfilter-public__nftables_files_nftables_ipv4-nat.nft.nft	sophos/spl-netfilter-public	nftables/files/nftables/ipv4-nat.nft	https://github.com/sophos/spl-netfilter-public/blob/HEAD/nftables/files/nftables/ipv4-nat.nft
jeverley_dscpclassify__etc_dscpclassify.d_main.nft.nft	jeverley/dscpclassify	etc/dscpclassify.d/main.nft	https://github.com/jeverley/dscpclassify/blob/HEAD/etc/dscpclassify.d/main.nft
BayKeremm_linfo2347-network-attacks__filters_normal_op_http.nft.nft	BayKeremm/linfo2347-network-attacks	filters/normal_op/http.nft	https://github.com/BayKeremm/linfo2347-network-attacks/blob/HEAD/filters/normal_op/http.nft
Safronus_ctyrlistkoteka__deploy_nftables-permaban.nft.nft	Safronus/ctyrlistkoteka	deploy/nftables-permaban.nft	https://github.com/Safronus/ctyrlistkoteka/blob/HEAD/deploy/nftables-permaban.nft
Nypps_SA-Linux__LW3_task5.nft.nft	Nypps/SA-Linux	LW3/task5.nft	https://github.com/Nypps/SA-Linux/blob/HEAD/LW3/task5.nft
freepalestine-epitaph_OliveLinux__config_package-lists_cache_bootstrap_usr_share_doc_nftables_examples_ipv4-nat.nft.nft	freepalestine-epitaph/OliveLinux	config/package-lists/cache/bootstrap/usr/share/doc/nftables/examples/ipv4-nat.nft	https://github.com/freepalestine-epitaph/OliveLinux/blob/HEAD/config/package-lists/cache/bootstrap/usr/share/doc/nftables/examples/ipv4-nat.nft
MargoPas_Linux_labs__lab_3_nftables_9_abc_set_chain.nft.nft	MargoPas/Linux_labs	lab_3_nftables/9_abc_set_chain.nft	https://github.com/MargoPas/Linux_labs/blob/HEAD/lab_3_nftables/9_abc_set_chain.nft
MargoPas_Linux_labs__lab_3_nftables_3_filter_input_80.nft.nft	MargoPas/Linux_labs	lab_3_nftables/3_filter_input_80.nft	https://github.com/MargoPas/Linux_labs/blob/HEAD/lab_3_nftables/3_filter_input_80.nft
yyjeqhc_nft_fullcone__nft-1.1.1_files_nftables_ipv6-nat.nft.nft	yyjeqhc/nft_fullcone	nft-1.1.1/files/nftables/ipv6-nat.nft	https://github.com/yyjeqhc/nft_fullcone/blob/HEAD/nft-1.1.1/files/nftables/ipv6-nat.nft
kofuk_t__hotspot-drop-lan.nft.nft	kofuk/t	hotspot-drop-lan.nft	https://github.com/kofuk/t/blob/HEAD/hotspot-drop-lan.nft
yyjeqhc_nft_fullcone__nft-1.1.1_files_nftables_inet-filter.nft.nft	yyjeqhc/nft_fullcone	nft-1.1.1/files/nftables/inet-filter.nft	https://github.com/yyjeqhc/nft_fullcone/blob/HEAD/nft-1.1.1/files/nftables/inet-filter.nft
pablombg_nftables__files_examples_inet-filter.nft.nft	pablombg/nftables	files/examples/inet-filter.nft	https://github.com/pablombg/nftables/blob/HEAD/files/examples/inet-filter.nft
ffmancera_nftables-mirror__files_nftables_ipv6-filter.nft.nft	ffmancera/nftables-mirror	files/nftables/ipv6-filter.nft	https://github.com/ffmancera/nftables-mirror/blob/HEAD/files/nftables/ipv6-filter.nft
Leviticus-Triage_llm-honeypot-intelligence__rules_archive_20260325_1358_firewall_blocklist_nftables.nft.nft	Leviticus-Triage/llm-honeypot-intelligence	rules/archive/20260325_1358/firewall/blocklist_nftables.nft	https://github.com/Leviticus-Triage/llm-honeypot-intelligence/blob/HEAD/rules/archive/20260325_1358/firewall/blocklist_nftables.nft
fadhil-riyanto_nftables-config___personal_allow_tcp.nft.nft	fadhil-riyanto/nftables-config	_personal_allow_tcp.nft	https://github.com/fadhil-riyanto/nftables-config/blob/HEAD/_personal_allow_tcp.nft
un1x80_firewallo__etc_init.d_firewallo.nft.nft	un1x80/firewallo	etc/init.d/firewallo.nft	https://github.com/un1x80/firewallo/blob/HEAD/etc/init.d/firewallo.nft
microsoft_azurelinux__specs_n_nftables_router.nft.nft	microsoft/azurelinux	specs/n/nftables/router.nft	https://github.com/microsoft/azurelinux/blob/HEAD/specs/n/nftables/router.nft
Start9Labs_start-technologies__shared-libs_crates_start-core_src_net_startos-base.nft.nft	Start9Labs/start-technologies	shared-libs/crates/start-core/src/net/startos-base.nft	https://github.com/Start9Labs/start-technologies/blob/HEAD/shared-libs/crates/start-core/src/net/startos-base.nft
wikimedia_operations-puppet__modules_profile_files_ganeti_ganeti-forward.nft.nft	wikimedia/operations-puppet	modules/profile/files/ganeti/ganeti-forward.nft	https://github.com/wikimedia/operations-puppet/blob/HEAD/modules/profile/files/ganeti/ganeti-forward.nft
C24Be_AS_Network_List__blacklists_nftables_blacklist-vk.nft.nft	C24Be/AS_Network_List	blacklists_nftables/blacklist-vk.nft	https://github.com/C24Be/AS_Network_List/blob/HEAD/blacklists_nftables/blacklist-vk.nft
dlakelan_routerperf__dscptag.nft.nft	dlakelan/routerperf	dscptag.nft	https://github.com/dlakelan/routerperf/blob/HEAD/dscptag.nft
embetrix_meta-raspberrypi-secure__recipes-filter_nftables_files_firewall.nft.nft	embetrix/meta-raspberrypi-secure	recipes-filter/nftables/files/firewall.nft	https://github.com/embetrix/meta-raspberrypi-secure/blob/HEAD/recipes-filter/nftables/files/firewall.nft
sunghyun1000_linux-study-container__config_abuse-block.nft.nft	sunghyun1000/linux-study-container	config/abuse-block.nft	https://github.com/sunghyun1000/linux-study-container/blob/HEAD/config/abuse-block.nft
ncy9371_debootstrap-iso__main_nftables_nftables.nft.nft	ncy9371/debootstrap-iso	main/nftables/nftables.nft	https://github.com/ncy9371/debootstrap-iso/blob/HEAD/main/nftables/nftables.nft
kishore-1812_MiniNet-Exploitation__utilities_r1-firewall.nft.nft	kishore-1812/MiniNet-Exploitation	utilities/r1-firewall.nft	https://github.com/kishore-1812/MiniNet-Exploitation/blob/HEAD/utilities/r1-firewall.nft
pablintino_pbtn.common__roles_firewall_setup_molecule_default_files_golden-file.nft.nft	pablintino/pbtn.common	roles/firewall_setup/molecule/default/files/golden-file.nft	https://github.com/pablintino/pbtn.common/blob/HEAD/roles/firewall_setup/molecule/default/files/golden-file.nft
orkanbirikiuc_priket__examples_nft-safe-ssh.nft.nft	orkanbirikiuc/priket	examples/nft-safe-ssh.nft	https://github.com/orkanbirikiuc/priket/blob/HEAD/examples/nft-safe-ssh.nft
krisbalintona_guix-config__files_nftables_sublation.nft.nft	krisbalintona/guix-config	files/nftables/sublation.nft	https://github.com/krisbalintona/guix-config/blob/HEAD/files/nftables/sublation.nft
ancoleman_ai-design-components__skills_configuring-firewalls_examples_nftables_web-server.nft.nft	ancoleman/ai-design-components	skills/configuring-firewalls/examples/nftables/web-server.nft	https://github.com/ancoleman/ai-design-components/blob/HEAD/skills/configuring-firewalls/examples/nftables/web-server.nft
crypto0010_VITOS__vitos-v1_packages_vitos-ghost_etc_nftables.d_vitos-ghost.nft.nft	crypto0010/VITOS	vitos-v1/packages/vitos-ghost/etc/nftables.d/vitos-ghost.nft	https://github.com/crypto0010/VITOS/blob/HEAD/vitos-v1/packages/vitos-ghost/etc/nftables.d/vitos-ghost.nft
dlitz_config-dlitz-wwanhub-client__wwan-filter.nft.nft	dlitz/config-dlitz-wwanhub-client	wwan-filter.nft	https://github.com/dlitz/config-dlitz-wwanhub-client/blob/HEAD/wwan-filter.nft
nottoBD_mininet-secops__protections_network_port_scan_r1_port_scan_protection.nft.nft	nottoBD/mininet-secops	protections/network_port_scan/r1_port_scan_protection.nft	https://github.com/nottoBD/mininet-secops/blob/HEAD/protections/network_port_scan/r1_port_scan_protection.nft
Superman08091992_ARKlinux__nftables_arklinux.nft.nft	Superman08091992/ARKlinux	nftables/arklinux.nft	https://github.com/Superman08091992/ARKlinux/blob/HEAD/nftables/arklinux.nft
arch-yunus_Firewall-Fundamentals-Lab__lab_nftables_rules.nft.nft	arch-yunus/Firewall-Fundamentals-Lab	lab/nftables/rules.nft	https://github.com/arch-yunus/Firewall-Fundamentals-Lab/blob/HEAD/lab/nftables/rules.nft
sio_homelab__nftables_vpn_edge_main.nft.nft	sio/homelab	nftables/vpn_edge/main.nft	https://github.com/sio/homelab/blob/HEAD/nftables/vpn_edge/main.nft
rotkonetworks_networking__backup_nftables_bkk08.nft.nft	rotkonetworks/networking	backup/nftables/bkk08.nft	https://github.com/rotkonetworks/networking/blob/HEAD/backup/nftables/bkk08.nft
progmaticltd_homebox__roles_firewall_templates_rules_00-init.nft.nft	progmaticltd/homebox	roles/firewall/templates/rules/00-init.nft	https://github.com/progmaticltd/homebox/blob/HEAD/roles/firewall/templates/rules/00-init.nft
Cheaussette_networkSecurityProject__nftrules_r1Rules.nft.nft	Cheaussette/networkSecurityProject	nftrules/r1Rules.nft	https://github.com/Cheaussette/networkSecurityProject/blob/HEAD/nftrules/r1Rules.nft
gregdel_netd__base.nft.nft	gregdel/netd	base.nft	https://github.com/gregdel/netd/blob/HEAD/base.nft
SadraKhorami_ShitM-Guard__infra_nftables_entry.nft.nft	SadraKhorami/ShitM-Guard	infra/nftables/entry.nft	https://github.com/SadraKhorami/ShitM-Guard/blob/HEAD/infra/nftables/entry.nft
kennyballou_cfg.nix__services_nftables-rules.nft.nft	kennyballou/cfg.nix	services/nftables-rules.nft	https://github.com/kennyballou/cfg.nix/blob/HEAD/services/nftables-rules.nft
161sam_Pentest-Home-Lab-SBCs__wireless-core_etc_nftables_lab_00-base.nft.nft	161sam/Pentest-Home-Lab-SBCs	wireless-core/etc/nftables/lab/00-base.nft	https://github.com/161sam/Pentest-Home-Lab-SBCs/blob/HEAD/wireless-core/etc/nftables/lab/00-base.nft
willcode4jobs_vpn-pi__archive_phase2-vpn-exit-node_configs_nftables_baseline.nft.nft	willcode4jobs/vpn-pi	archive/phase2-vpn-exit-node/configs/nftables/baseline.nft	https://github.com/willcode4jobs/vpn-pi/blob/HEAD/archive/phase2-vpn-exit-node/configs/nftables/baseline.nft
omkarrajmane_auto-network-policy__autonetworkpolicy_results_experiments_v4_after_greedy_100x100_20260319_233208_input_exp_080.nft.nft	omkarrajmane/auto-network-policy	autonetworkpolicy/results/experiments/v4_after_greedy_100x100_20260319_233208/input_exp_080.nft	https://github.com/omkarrajmane/auto-network-policy/blob/HEAD/autonetworkpolicy/results/experiments/v4_after_greedy_100x100_20260319_233208/input_exp_080.nft
yangr0_server-configs__ruleset.nft.nft	yangr0/server-configs	ruleset.nft	https://github.com/yangr0/server-configs/blob/HEAD/ruleset.nft
C24Be_AS_Network_List__blacklists_nftables_blacklist-vk-v4.nft.nft	C24Be/AS_Network_List	blacklists_nftables/blacklist-vk-v4.nft	https://github.com/C24Be/AS_Network_List/blob/HEAD/blacklists_nftables/blacklist-vk-v4.nft
01rabbit_Azazel-Gadget__nftables_first_minute.nft.nft	01rabbit/Azazel-Gadget	nftables/first_minute.nft	https://github.com/01rabbit/Azazel-Gadget/blob/HEAD/nftables/first_minute.nft
HITOSTeam_OS_Workspace__ext4-fs-packer_extra_rootfs_usr_share_nftables_inet-filter.nft.nft	HITOSTeam/OS_Workspace	ext4-fs-packer/extra/rootfs/usr/share/nftables/inet-filter.nft	https://github.com/HITOSTeam/OS_Workspace/blob/HEAD/ext4-fs-packer/extra/rootfs/usr/share/nftables/inet-filter.nft
sio_gitlab-runners-fleet__build_template_gateway_firewall.nft.nft	sio/gitlab-runners-fleet	build/template/gateway/firewall.nft	https://github.com/sio/gitlab-runners-fleet/blob/HEAD/build/template/gateway/firewall.nft
omkarrajmane_auto-network-policy__autonetworkpolicy_results_baselines_random_reorder_mixed_protocol_400_optimized.nft.nft	omkarrajmane/auto-network-policy	autonetworkpolicy/results/baselines/random_reorder_mixed_protocol_400_optimized.nft	https://github.com/omkarrajmane/auto-network-policy/blob/HEAD/autonetworkpolicy/results/baselines/random_reorder_mixed_protocol_400_optimized.nft
radium226_vpn-passthrough__app_packages_server_src_radium226_vpn_passthrough_server_internet.nft.nft	radium226/vpn-passthrough	app/packages/server/src/radium226/vpn_passthrough/server/internet.nft	https://github.com/radium226/vpn-passthrough/blob/HEAD/app/packages/server/src/radium226/vpn_passthrough/server/internet.nft
lunapageofspace_homelab-ansible__playbooks_templates_nftables_main.nft.nft	lunapageofspace/homelab-ansible	playbooks/templates/nftables/main.nft	https://github.com/lunapageofspace/homelab-ansible/blob/HEAD/playbooks/templates/nftables/main.nft
BasisResearch_certified-firewall-experiment__kernel_examples_dnat.nft.nft	BasisResearch/certified-firewall-experiment	kernel/examples/dnat.nft	https://github.com/BasisResearch/certified-firewall-experiment/blob/HEAD/kernel/examples/dnat.nft
beep-projects_SystaPi__helpers_enable_stouch.nft.nft	beep-projects/SystaPi	helpers/enable_stouch.nft	https://github.com/beep-projects/SystaPi/blob/HEAD/helpers/enable_stouch.nft
greenpau_cni-plugins__assets_nftables_worker_config.nft.nft	greenpau/cni-plugins	assets/nftables/worker_config.nft	https://github.com/greenpau/cni-plugins/blob/HEAD/assets/nftables/worker_config.nft
o7-machinehum_flipper-blackhat-os__rootfs_overlay_etc_ep-rules.nft.nft	o7-machinehum/flipper-blackhat-os	rootfs_overlay/etc/ep-rules.nft	https://github.com/o7-machinehum/flipper-blackhat-os/blob/HEAD/rootfs_overlay/etc/ep-rules.nft
openSUSE_heroes-salt__salt_files_nftables_avalon_base_nat_prerouting.nft.nft	openSUSE/heroes-salt	salt/files/nftables/avalon/base_nat/prerouting.nft	https://github.com/openSUSE/heroes-salt/blob/HEAD/salt/files/nftables/avalon/base_nat/prerouting.nft
rhit-schielaj_netsec_project__volumes_firewall.nft.nft	rhit-schielaj/netsec_project	volumes/firewall.nft	https://github.com/rhit-schielaj/netsec_project/blob/HEAD/volumes/firewall.nft
ShayanSalehi81_DataNetworkSecurity__Homework_4_Code_ucp_rules.nft.nft	ShayanSalehi81/DataNetworkSecurity	Homework 4/Code/ucp_rules.nft	https://github.com/ShayanSalehi81/DataNetworkSecurity/blob/HEAD/Homework 4/Code/ucp_rules.nft
usenocturne_nocturne-connector__resources_config_nftables.nft.nft	usenocturne/nocturne-connector	resources/config/nftables.nft	https://github.com/usenocturne/nocturne-connector/blob/HEAD/resources/config/nftables.nft
yinbaiyuan_houzzkit-f1-opensource__houzzkit-f1-rootfs-u2404_ubuntu-rootfs_usr_share_doc_nftables_examples_nat.nft.nft	yinbaiyuan/houzzkit-f1-opensource	houzzkit-f1-rootfs-u2404/ubuntu-rootfs/usr/share/doc/nftables/examples/nat.nft	https://github.com/yinbaiyuan/houzzkit-f1-opensource/blob/HEAD/houzzkit-f1-rootfs-u2404/ubuntu-rootfs/usr/share/doc/nftables/examples/nat.nft
technologiestiftung_kiezbox-openwrt-feed__kb-extra-app_files_opt_kb-script_portal_rules.nft.nft	technologiestiftung/kiezbox-openwrt-feed	kb-extra-app/files/opt/kb-script/portal_rules.nft	https://github.com/technologiestiftung/kiezbox-openwrt-feed/blob/HEAD/kb-extra-app/files/opt/kb-script/portal_rules.nft
sophos_spl-netfilter-public__nftables_files_examples_load_balancing.nft.nft	sophos/spl-netfilter-public	nftables/files/examples/load_balancing.nft	https://github.com/sophos/spl-netfilter-public/blob/HEAD/nftables/files/examples/load_balancing.nft
mattbucci_agent-sandbox__network_nftables_vm-rules.nft.nft	mattbucci/agent-sandbox	network/nftables/vm-rules.nft	https://github.com/mattbucci/agent-sandbox/blob/HEAD/network/nftables/vm-rules.nft
Ziumper_Netfilter__fw.nft.nft	Ziumper/Netfilter	fw.nft	https://github.com/Ziumper/Netfilter/blob/HEAD/fw.nft
opennet-initiative_firmware__opennet_packages_on-usergw_files_usr_share_nftables.d_ruleset-post_on_usergw.nft.nft	opennet-initiative/firmware	opennet/packages/on-usergw/files/usr/share/nftables.d/ruleset-post/on_usergw.nft	https://github.com/opennet-initiative/firmware/blob/HEAD/opennet/packages/on-usergw/files/usr/share/nftables.d/ruleset-post/on_usergw.nft
yad-tahir_dotfiles__firewall_vault_main.nft.nft	yad-tahir/dotfiles	firewall/vault/main.nft	https://github.com/yad-tahir/dotfiles/blob/HEAD/firewall/vault/main.nft
greg2010_wireguard-gateway-operator__k8s_charts_wireguard-gateway-operator_files_gateway.nft.nft	greg2010/wireguard-gateway-operator	k8s/charts/wireguard-gateway-operator/files/gateway.nft	https://github.com/greg2010/wireguard-gateway-operator/blob/HEAD/k8s/charts/wireguard-gateway-operator/files/gateway.nft
dimbor-ru_network-scripts__etc_network_ruleset.nft.nft	dimbor-ru/network-scripts	etc/network/ruleset.nft	https://github.com/dimbor-ru/network-scripts/blob/HEAD/etc/network/ruleset.nft
freepalestine-epitaph_OliveLinux__config_package-lists_cache_bootstrap_usr_share_doc_nftables_examples_nat.nft.nft	freepalestine-epitaph/OliveLinux	config/package-lists/cache/bootstrap/usr/share/doc/nftables/examples/nat.nft	https://github.com/freepalestine-epitaph/OliveLinux/blob/HEAD/config/package-lists/cache/bootstrap/usr/share/doc/nftables/examples/nat.nft
ms-jpq_lab__layers___usr_local_opt_nftables_conf.d_1-base.nft.nft	ms-jpq/lab	layers/_/usr/local/opt/nftables/conf.d/1-base.nft	https://github.com/ms-jpq/lab/blob/HEAD/layers/_/usr/local/opt/nftables/conf.d/1-base.nft
unman_3isec-tor__filter_ip4.nft.nft	unman/3isec-tor	filter_ip4.nft	https://github.com/unman/3isec-tor/blob/HEAD/filter_ip4.nft
yuhaiin_yuhaiin__scripts_iptables_forward.nft.nft	yuhaiin/yuhaiin	scripts/iptables/forward.nft	https://github.com/yuhaiin/yuhaiin/blob/HEAD/scripts/iptables/forward.nft
lirundong_homelab-infra__openwrt-builder_files_etc_nftables.d_99-sing-box.nft.nft	lirundong/homelab-infra	openwrt-builder/files/etc/nftables.d/99-sing-box.nft	https://github.com/lirundong/homelab-infra/blob/HEAD/openwrt-builder/files/etc/nftables.d/99-sing-box.nft
rotkonetworks_networking__backup_nftables_bkk07.nft.nft	rotkonetworks/networking	backup/nftables/bkk07.nft	https://github.com/rotkonetworks/networking/blob/HEAD/backup/nftables/bkk07.nft
GuilhermeDeitos_TrabalhoTDS_Containers__trabalhotds_runc_rootfs_usr_share_doc_nftables_examples_load_balancing.nft.nft	GuilhermeDeitos/TrabalhoTDS_Containers	trabalhotds/runc/rootfs/usr/share/doc/nftables/examples/load_balancing.nft	https://github.com/GuilhermeDeitos/TrabalhoTDS_Containers/blob/HEAD/trabalhotds/runc/rootfs/usr/share/doc/nftables/examples/load_balancing.nft
shakibamoshiri_vit__nftables-mine_load-balancer.nft.nft	shakibamoshiri/vit	nftables-mine/load-balancer.nft	https://github.com/shakibamoshiri/vit/blob/HEAD/nftables-mine/load-balancer.nft
shakibamoshiri_vit__nftables-mine_port-forwarding.nft.nft	shakibamoshiri/vit	nftables-mine/port-forwarding.nft	https://github.com/shakibamoshiri/vit/blob/HEAD/nftables-mine/port-forwarding.nft
shakibamoshiri_vit__nftables-mine_lbing.nft.nft	shakibamoshiri/vit	nftables-mine/lbing.nft	https://github.com/shakibamoshiri/vit/blob/HEAD/nftables-mine/lbing.nft
pkteer_PKT-Server__files_pfi.nft.nft	pkteer/PKT-Server	files/pfi.nft	https://github.com/pkteer/PKT-Server/blob/HEAD/files/pfi.nft
yyjeqhc_rust_nft_fullcone__nftables-v1.1.1_files_examples_load_balancing.nft.nft	yyjeqhc/rust_nft_fullcone	nftables-v1.1.1/files/examples/load_balancing.nft	https://github.com/yyjeqhc/rust_nft_fullcone/blob/HEAD/nftables-v1.1.1/files/examples/load_balancing.nft
silencebay_clash-tproxy__examples_config_hooks_nft-nat.nft.nft	silencebay/clash-tproxy	examples/config/hooks/nft-nat.nft	https://github.com/silencebay/clash-tproxy/blob/HEAD/examples/config/hooks/nft-nat.nft
GongT_router.target__services_nftables_configs_router.nft.nft	GongT/router.target	services/nftables/configs/router.nft	https://github.com/GongT/router.target/blob/HEAD/services/nftables/configs/router.nft
oudream_hello-shell__man_network_nftables_tranfrom.nft.nft	oudream/hello-shell	man/network/nftables/tranfrom.nft	https://github.com/oudream/hello-shell/blob/HEAD/man/network/nftables/tranfrom.nft
pkasila_contest-toolkit__infrastructure_gateway_nftables_rules.nft.nft	pkasila/contest-toolkit	infrastructure/gateway/nftables/rules.nft	https://github.com/pkasila/contest-toolkit/blob/HEAD/infrastructure/gateway/nftables/rules.nft
danyalazorinweb_digitaltwin.github.io__nftables.nft.nft	danyalazorinweb/digitaltwin.github.io	nftables.nft	https://github.com/danyalazorinweb/digitaltwin.github.io/blob/HEAD/nftables.nft
Catalinaqi_Project_Maritime_Zero_Trust_Architecture__configs_nftables_rules.nft.nft	Catalinaqi/Project_Maritime_Zero_Trust_Architecture	configs/nftables/rules.nft	https://github.com/Catalinaqi/Project_Maritime_Zero_Trust_Architecture/blob/HEAD/configs/nftables/rules.nft
universal-ctags_ctags__Units_parser-nftables.r_nftables-secmark.d_input.nft.nft	universal-ctags/ctags	Units/parser-nftables.r/nftables-secmark.d/input.nft	https://github.com/universal-ctags/ctags/blob/HEAD/Units/parser-nftables.r/nftables-secmark.d/input.nft
progmaticltd_homebox__roles_firewall_templates_rules_10-base.nft.nft	progmaticltd/homebox	roles/firewall/templates/rules/10-base.nft	https://github.com/progmaticltd/homebox/blob/HEAD/roles/firewall/templates/rules/10-base.nft
clipos_products_clipos__qemu_bundle.d_nft_rules.nft.nft	clipos/products_clipos	qemu/bundle.d/nft/rules.nft	https://github.com/clipos/products_clipos/blob/HEAD/qemu/bundle.d/nft/rules.nft
alex-on-ai_WebReaper__cloud_WebReaper.PlaygroundApi_egress-firewall.nft.nft	alex-on-ai/WebReaper	cloud/WebReaper.PlaygroundApi/egress-firewall.nft	https://github.com/alex-on-ai/WebReaper/blob/HEAD/cloud/WebReaper.PlaygroundApi/egress-firewall.nft
bashrc2_AberMUSH__firewall.nft.nft	bashrc2/AberMUSH	firewall.nft	https://github.com/bashrc2/AberMUSH/blob/HEAD/firewall.nft
futo-org_polycentric__services_scraper_egress.nft.nft	futo-org/polycentric	services/scraper/egress.nft	https://github.com/futo-org/polycentric/blob/HEAD/services/scraper/egress.nft
testdasi_openvpn-client-aio__deprecated_scripts_ruleset.nft.nft	testdasi/openvpn-client-aio	deprecated/scripts/ruleset.nft	https://github.com/testdasi/openvpn-client-aio/blob/HEAD/deprecated/scripts/ruleset.nft
kennyballou_dotfiles__systems_owl_nftables-rules.nft.nft	kennyballou/dotfiles	systems/owl/nftables-rules.nft	https://github.com/kennyballou/dotfiles/blob/HEAD/systems/owl/nftables-rules.nft
sej7278_virt-installs__alma8cis_ansible_roles_common_files_nftables_cis.nft.nft	sej7278/virt-installs	alma8cis_ansible/roles/common/files/nftables/cis.nft	https://github.com/sej7278/virt-installs/blob/HEAD/alma8cis_ansible/roles/common/files/nftables/cis.nft
HexZoNetwork_HexTyl__config_nftables_hextyl_ddos.nft.nft	HexZoNetwork/HexTyl	config/nftables_hextyl_ddos.nft	https://github.com/HexZoNetwork/HexTyl/blob/HEAD/config/nftables_hextyl_ddos.nft
lecramyajiv_Nftables-Rules-for-Debian-Desktop__slackware_firewall.nft.nft	lecramyajiv/Nftables-Rules-for-Debian-Desktop	slackware/firewall.nft	https://github.com/lecramyajiv/Nftables-Rules-for-Debian-Desktop/blob/HEAD/slackware/firewall.nft
somarkn99_nftables-beginners-guide__examples_minimal-http-only.nft.nft	somarkn99/nftables-beginners-guide	examples/minimal-http-only.nft	https://github.com/somarkn99/nftables-beginners-guide/blob/HEAD/examples/minimal-http-only.nft
mv37-org_workdir__deploy_nftables_sandbox-nat.nft.nft	mv37-org/workdir	deploy/nftables/sandbox-nat.nft	https://github.com/mv37-org/workdir/blob/HEAD/deploy/nftables/sandbox-nat.nft
daveman1010221_nixos__hosts_precisionws_nftables.nft.nft	daveman1010221/nixos	hosts/precisionws/nftables.nft	https://github.com/daveman1010221/nixos/blob/HEAD/hosts/precisionws/nftables.nft
hyperpolymath_wordpress-tools__resurrect_sdp_ipv6-firewall.nft.nft	hyperpolymath/wordpress-tools	resurrect/sdp/ipv6-firewall.nft	https://github.com/hyperpolymath/wordpress-tools/blob/HEAD/resurrect/sdp/ipv6-firewall.nft
GhostPortTechnologies_Ghostport-Phantom-OS__etc_gpmodes_common.nft.nft	GhostPortTechnologies/Ghostport-Phantom-OS	etc/gpmodes/common.nft	https://github.com/GhostPortTechnologies/Ghostport-Phantom-OS/blob/HEAD/etc/gpmodes/common.nft
yinbaiyuan_houzzkit-f1-opensource__houzzkit-f1-rootfs-u2404_ubuntu-rootfs_usr_share_doc_nftables_examples_overview.nft.nft	yinbaiyuan/houzzkit-f1-opensource	houzzkit-f1-rootfs-u2404/ubuntu-rootfs/usr/share/doc/nftables/examples/overview.nft	https://github.com/yinbaiyuan/houzzkit-f1-opensource/blob/HEAD/houzzkit-f1-rootfs-u2404/ubuntu-rootfs/usr/share/doc/nftables/examples/overview.nft
nibzard_agentlab__scripts_net_agent_nat.nft.nft	nibzard/agentlab	scripts/net/agent_nat.nft	https://github.com/nibzard/agentlab/blob/HEAD/scripts/net/agent_nat.nft
egberts_nftables-scripts__default-deny_filter_forward_icmp.nft.nft	egberts/nftables-scripts	default-deny/filter/forward/icmp.nft	https://github.com/egberts/nftables-scripts/blob/HEAD/default-deny/filter/forward/icmp.nft
nithin1734_personal-firewall__myfirewall_my_firewall.nft.nft	nithin1734/personal-firewall	myfirewall/my_firewall.nft	https://github.com/nithin1734/personal-firewall/blob/HEAD/myfirewall/my_firewall.nft
samraym_network_attacks__firewall_ntp.nft.nft	samraym/network_attacks	firewall/ntp.nft	https://github.com/samraym/network_attacks/blob/HEAD/firewall/ntp.nft
MihaiStreames_PoneyHot__infra_server-a_nftables.nft.nft	MihaiStreames/PoneyHot	infra/server-a/nftables.nft	https://github.com/MihaiStreames/PoneyHot/blob/HEAD/infra/server-a/nftables.nft
powerman_sandbox-ai-dev__uid_nftables_uid-ai-dev.nft.nft	powerman/sandbox-ai-dev	uid/nftables/uid-ai-dev.nft	https://github.com/powerman/sandbox-ai-dev/blob/HEAD/uid/nftables/uid-ai-dev.nft
0-draft_microsegmentation-deepdive__06-host-nftables_policy.nft.nft	0-draft/microsegmentation-deepdive	06-host-nftables/policy.nft	https://github.com/0-draft/microsegmentation-deepdive/blob/HEAD/06-host-nftables/policy.nft
aosedge_meta-aos__recipes-aos_aos-nftables_files_aos.nft.nft	aosedge/meta-aos	recipes-aos/aos-nftables/files/aos.nft	https://github.com/aosedge/meta-aos/blob/HEAD/recipes-aos/aos-nftables/files/aos.nft
netsoc_docs__docs_gitops_conf_kubewall-rules.nft.nft	netsoc/docs	docs/gitops/conf/kubewall-rules.nft	https://github.com/netsoc/docs/blob/HEAD/docs/gitops/conf/kubewall-rules.nft
manuelmotadias_Mininet__defense_r2_flood.nft.nft	manuelmotadias/Mininet	defense/r2_flood.nft	https://github.com/manuelmotadias/Mininet/blob/HEAD/defense/r2_flood.nft
Cheaussette_networkSecurityProject__nftrules_r2Rules.nft.nft	Cheaussette/networkSecurityProject	nftrules/r2Rules.nft	https://github.com/Cheaussette/networkSecurityProject/blob/HEAD/nftrules/r2Rules.nft
161sam_Pentest-Home-Lab-SBCs__edge_roles_wireless_nftables_wireless.nft.nft	161sam/Pentest-Home-Lab-SBCs	edge/roles/wireless/nftables/wireless.nft	https://github.com/161sam/Pentest-Home-Lab-SBCs/blob/HEAD/edge/roles/wireless/nftables/wireless.nft
shibinsp_alphha-security-os__configs_security_firewall-rules.nft.nft	shibinsp/alphha-security-os	configs/security/firewall-rules.nft	https://github.com/shibinsp/alphha-security-os/blob/HEAD/configs/security/firewall-rules.nft
manishh101_alpine__etc_nftables_nftables.nft.nft	manishh101/alpine	etc/nftables/nftables.nft	https://github.com/manishh101/alpine/blob/HEAD/etc/nftables/nftables.nft
YunoHost_yunohost__conf_nftables_nftables.conf.nft	YunoHost/yunohost	conf/nftables/nftables.conf	https://github.com/YunoHost/yunohost/blob/HEAD/conf/nftables/nftables.conf
hardenedlinux_harbian-audit__docs_configurations_etc.nftables.conf.nft	hardenedlinux/harbian-audit	docs/configurations/etc.nftables.conf	https://github.com/hardenedlinux/harbian-audit/blob/HEAD/docs/configurations/etc.nftables.conf
DigitaleGesellschaft_DNS-Resolver__configuration-files_roles_base_templates_nftables.conf.j2.nft	DigitaleGesellschaft/DNS-Resolver	configuration-files/roles/base/templates/nftables.conf.j2	https://github.com/DigitaleGesellschaft/DNS-Resolver/blob/HEAD/configuration-files/roles/base/templates/nftables.conf.j2
CallMeR_pve_configuration_notes__src_debian_debian_ts_nftables.conf.nft	CallMeR/pve_configuration_notes	src/debian/debian_ts_nftables.conf	https://github.com/CallMeR/pve_configuration_notes/blob/HEAD/src/debian/debian_ts_nftables.conf
Earnestly_pkgbuilds__system-config_etc-nftables.conf.nft	Earnestly/pkgbuilds	system-config/etc-nftables.conf	https://github.com/Earnestly/pkgbuilds/blob/HEAD/system-config/etc-nftables.conf
openstreetmap_chef__cookbooks_networking_templates_default_nftables.conf.erb.nft	openstreetmap/chef	cookbooks/networking/templates/default/nftables.conf.erb	https://github.com/openstreetmap/chef/blob/HEAD/cookbooks/networking/templates/default/nftables.conf.erb
snerstack_sner-monorepo__server_extra_nftables.conf.notrack.nft	snerstack/sner-monorepo	server/extra/nftables.conf.notrack	https://github.com/snerstack/sner-monorepo/blob/HEAD/server/extra/nftables.conf.notrack
weirdNox_dotfiles__other_nftables.conf.base.nft	weirdNox/dotfiles	other/nftables.conf.base	https://github.com/weirdNox/dotfiles/blob/HEAD/other/nftables.conf.base
OmrHz_datacenter-public__ansible_templates_firewall_firewall02.nftables.conf.j2.nft	OmrHz/datacenter-public	ansible/templates/firewall/firewall02.nftables.conf.j2	https://github.com/OmrHz/datacenter-public/blob/HEAD/ansible/templates/firewall/firewall02.nftables.conf.j2
troglobit_myLinux__board_macchiatobin_rootfs_etc_nftables.conf.nft	troglobit/myLinux	board/macchiatobin/rootfs/etc/nftables.conf	https://github.com/troglobit/myLinux/blob/HEAD/board/macchiatobin/rootfs/etc/nftables.conf
guillaumededrie_workstation__files_etc_nftables.conf.j2.nft	guillaumededrie/workstation	files/etc_nftables.conf.j2	https://github.com/guillaumededrie/workstation/blob/HEAD/files/etc_nftables.conf.j2
alayham_devlab-series-automations__roles_linux_router_templates_nftables.conf.j2.nft	alayham/devlab-series-automations	roles/linux_router/templates/nftables.conf.j2	https://github.com/alayham/devlab-series-automations/blob/HEAD/roles/linux_router/templates/nftables.conf.j2
sando38_podman-rootless-guide__setup_nftables.conf.example.nft	sando38/podman-rootless-guide	setup/nftables.conf.example	https://github.com/sando38/podman-rootless-guide/blob/HEAD/setup/nftables.conf.example
xkr-512_secure-debian-web-platform__configs_nftables_nftables.conf.srv-core.nft	xkr-512/secure-debian-web-platform	configs/nftables/nftables.conf.srv-core	https://github.com/xkr-512/secure-debian-web-platform/blob/HEAD/configs/nftables/nftables.conf.srv-core
MikeHorn-git_dotfiles__dot_etc_nftables.conf.tmpl.nft	MikeHorn-git/dotfiles	dot_etc_nftables.conf.tmpl	https://github.com/MikeHorn-git/dotfiles/blob/HEAD/dot_etc_nftables.conf.tmpl
grezap_nexus-infra-lakehouse__packer_lakehouse-minio-node_files_nftables.conf.nft	grezap/nexus-infra-lakehouse	packer/lakehouse-minio-node/files/nftables.conf	https://github.com/grezap/nexus-infra-lakehouse/blob/HEAD/packer/lakehouse-minio-node/files/nftables.conf
kntrbs76_OTUS__08-kafka_roles_nginx-servers_templates_nftables_nftables.conf.j2.nft	kntrbs76/OTUS	08-kafka/roles/nginx-servers/templates/nftables/nftables.conf.j2	https://github.com/kntrbs76/OTUS/blob/HEAD/08-kafka/roles/nginx-servers/templates/nftables/nftables.conf.j2
enigma158an201_straxui-setup__old-archives_nftables.conf.straxui.nft	enigma158an201/straxui-setup	old-archives/nftables.conf.straxui	https://github.com/enigma158an201/straxui-setup/blob/HEAD/old-archives/nftables.conf.straxui
soerenschneider_ansible__playbooks_router_templates_nftables.conf-ez.j2.nft	soerenschneider/ansible	playbooks/router/templates/nftables.conf-ez.j2	https://github.com/soerenschneider/ansible/blob/HEAD/playbooks/router/templates/nftables.conf-ez.j2
bodik_sner4__extra_nftables.conf.notrack.nft	bodik/sner4	extra/nftables.conf.notrack	https://github.com/bodik/sner4/blob/HEAD/extra/nftables.conf.notrack
icpcsysops_ansible__roles_iptablesrules_templates_challenge.nftables.conf.j2.nft	icpcsysops/ansible	roles/iptablesrules/templates/challenge.nftables.conf.j2	https://github.com/icpcsysops/ansible/blob/HEAD/roles/iptablesrules/templates/challenge.nftables.conf.j2
KilimcininKorOglu_lankeeper__configs_sysconf_nftables.conf.tmpl.nft	KilimcininKorOglu/lankeeper	configs/sysconf/nftables.conf.tmpl	https://github.com/KilimcininKorOglu/lankeeper/blob/HEAD/configs/sysconf/nftables.conf.tmpl
IncudoLabs_orions-belt__playbooks_os_hardening_network_templates_OB-007-T_nftables.conf.j2.nft	IncudoLabs/orions-belt	playbooks/os_hardening/network/templates/OB-007-T_nftables.conf.j2	https://github.com/IncudoLabs/orions-belt/blob/HEAD/playbooks/os_hardening/network/templates/OB-007-T_nftables.conf.j2
OUH-MESHLab_BrainlabMirror__systoleos_etc_nftables.conf.nft	OUH-MESHLab/BrainlabMirror	systoleos/etc/nftables.conf	https://github.com/OUH-MESHLab/BrainlabMirror/blob/HEAD/systoleos/etc/nftables.conf
maikltim_HighLoad_Systems_Otus__mysql_cluster_hw5_roles_jump-servers_templates_nftables_nftables.conf.j2.nft	maikltim/HighLoad_Systems_Otus	mysql cluster_hw5/roles/jump-servers/templates/nftables/nftables.conf.j2	https://github.com/maikltim/HighLoad_Systems_Otus/blob/HEAD/mysql cluster_hw5/roles/jump-servers/templates/nftables/nftables.conf.j2
NETWORKERS-HOME-123_quickfw-firewall-appliance__rootfs_etc_nftables.conf.nft	NETWORKERS-HOME-123/quickfw-firewall-appliance	rootfs/etc/nftables.conf	https://github.com/NETWORKERS-HOME-123/quickfw-firewall-appliance/blob/HEAD/rootfs/etc/nftables.conf
mr-tanta_securing-production-servers__configs_nftables.conf.web.nft	mr-tanta/securing-production-servers	configs/nftables.conf.web	https://github.com/mr-tanta/securing-production-servers/blob/HEAD/configs/nftables.conf.web
privy-cafe_DollarLinuxClub__docs_harbian_configurations_etc.nftables.conf.nft	privy-cafe/DollarLinuxClub	docs/harbian/configurations/etc.nftables.conf	https://github.com/privy-cafe/DollarLinuxClub/blob/HEAD/docs/harbian/configurations/etc.nftables.conf
kth5_archpower__nftables_nftables.conf.nft	kth5/archpower	nftables/nftables.conf	https://github.com/kth5/archpower/blob/HEAD/nftables/nftables.conf
CyberPuck_cluster-pecan__playbooks_roles_networking_files_nftables.conf.nft	CyberPuck/cluster-pecan	playbooks/roles/networking/files/nftables.conf	https://github.com/CyberPuck/cluster-pecan/blob/HEAD/playbooks/roles/networking/files/nftables.conf
allvpv_dotfiles__lumber_simple.nftables.conf.nft	allvpv/dotfiles	lumber/simple.nftables.conf	https://github.com/allvpv/dotfiles/blob/HEAD/lumber/simple.nftables.conf
rchars_AdminStuff__Misc_C4_nftables.conf.nft	rchars/AdminStuff	Misc/C4/nftables.conf	https://github.com/rchars/AdminStuff/blob/HEAD/Misc/C4/nftables.conf
user7537_arch-backup__NOT_IN_DOCUMENTS_etc_nftables.conf.nft	user7537/arch-backup	NOT_IN_DOCUMENTS/etc/nftables.conf	https://github.com/user7537/arch-backup/blob/HEAD/NOT_IN_DOCUMENTS/etc/nftables.conf
kitimist_Univeristy-labs__rpmbuild_SOURCES_nftables.conf.nft	kitimist/Univeristy-labs	rpmbuild/SOURCES/nftables.conf	https://github.com/kitimist/Univeristy-labs/blob/HEAD/rpmbuild/SOURCES/nftables.conf
vitorpy_dotfiles__private_dot_config_private_arch_ansible_roles_security_templates_nftables.conf.j2.nft	vitorpy/dotfiles	private_dot_config/private_arch/ansible/roles/security/templates/nftables.conf.j2	https://github.com/vitorpy/dotfiles/blob/HEAD/private_dot_config/private_arch/ansible/roles/security/templates/nftables.conf.j2
eas1804_eas1804.github.io__Linux_OpenVPN_nftables.conf.nft	eas1804/eas1804.github.io	Linux/OpenVPN/nftables.conf	https://github.com/eas1804/eas1804.github.io/blob/HEAD/Linux/OpenVPN/nftables.conf
rchars_AdminStuff__Misc_RaspberryPI4B_nftables.conf.nft	rchars/AdminStuff	Misc/RaspberryPI4B/nftables.conf	https://github.com/rchars/AdminStuff/blob/HEAD/Misc/RaspberryPI4B/nftables.conf
maikltim_HighLoad_Systems_Otus__saltstack_hw11_srv_salt_be_files_nftables_nftables.conf.jinja.nft	maikltim/HighLoad_Systems_Otus	saltstack_hw11/srv/salt/be/files/nftables/nftables.conf.jinja	https://github.com/maikltim/HighLoad_Systems_Otus/blob/HEAD/saltstack_hw11/srv/salt/be/files/nftables/nftables.conf.jinja
Ramsus420_TDDI16Labbar__TDDI41_Lab5_c1c2srv_nftables.conf.nft	Ramsus420/TDDI16Labbar	TDDI41/Lab5/c1c2srv_nftables.conf	https://github.com/Ramsus420/TDDI16Labbar/blob/HEAD/TDDI41/Lab5/c1c2srv_nftables.conf
infertux_chef-sanity__templates_default_firewall_nftables.conf.erb.nft	infertux/chef-sanity	templates/default/firewall/nftables.conf.erb	https://github.com/infertux/chef-sanity/blob/HEAD/templates/default/firewall/nftables.conf.erb
progmaticltd_homebox__roles_firewall_templates_rules_20-proxy.nft.nft	progmaticltd/homebox	roles/firewall/templates/rules/20-proxy.nft	https://github.com/progmaticltd/homebox/blob/HEAD/roles/firewall/templates/rules/20-proxy.nft
QubesOS_qubes-core-agent-linux__network_qubes-ipv6.nft.nft	QubesOS/qubes-core-agent-linux	network/qubes-ipv6.nft	https://github.com/QubesOS/qubes-core-agent-linux/blob/HEAD/network/qubes-ipv6.nft
atweiden_voidvault__resources_etc_nftables_wireguard_table_wireguard.nft.nft	atweiden/voidvault	resources/etc/nftables/wireguard/table/wireguard.nft	https://github.com/atweiden/voidvault/blob/HEAD/resources/etc/nftables/wireguard/table/wireguard.nft
mit-ll_HAKC__packet-filtering_nft-scripts_add_lo_input_counter.nft.nft	mit-ll/HAKC	packet-filtering/nft-scripts/add_lo_input_counter.nft	https://github.com/mit-ll/HAKC/blob/HEAD/packet-filtering/nft-scripts/add_lo_input_counter.nft
rocka_nft-transproxy__nft_transproxy.nft.nft	rocka/nft-transproxy	nft/transproxy.nft	https://github.com/rocka/nft-transproxy/blob/HEAD/nft/transproxy.nft
c834606877_padavan-arm__trunk_user_nftables_nftables-1.1.6_files_nftables_ipv6-filter.nft.nft	c834606877/padavan-arm	trunk/user/nftables/nftables-1.1.6/files/nftables/ipv6-filter.nft	https://github.com/c834606877/padavan-arm/blob/HEAD/trunk/user/nftables/nftables-1.1.6/files/nftables/ipv6-filter.nft
lukehatcherRP_nftables__files_nftables_ipv6-mangle.nft.nft	lukehatcherRP/nftables	files/nftables/ipv6-mangle.nft	https://github.com/lukehatcherRP/nftables/blob/HEAD/files/nftables/ipv6-mangle.nft
sophos_spl-netfilter-public__nftables_files_nftables_ipv6-raw.nft.nft	sophos/spl-netfilter-public	nftables/files/nftables/ipv6-raw.nft	https://github.com/sophos/spl-netfilter-public/blob/HEAD/nftables/files/nftables/ipv6-raw.nft
michaelbrucelin_HelloLanguage__DevOps_Config_nftables.nft.nft	michaelbrucelin/HelloLanguage	DevOps/Config/nftables.nft	https://github.com/michaelbrucelin/HelloLanguage/blob/HEAD/DevOps/Config/nftables.nft
whoisjordangarcia_dotfiles__configs_vpn-split_cdn-bypass.nft.nft	whoisjordangarcia/dotfiles	configs/vpn-split/cdn-bypass.nft	https://github.com/whoisjordangarcia/dotfiles/blob/HEAD/configs/vpn-split/cdn-bypass.nft
nosoxon_nftables-portknocking__core.nft.nft	nosoxon/nftables-portknocking	core.nft	https://github.com/nosoxon/nftables-portknocking/blob/HEAD/core.nft
gozzarda_spsetup__modules_nixos_firewall.nft.nft	gozzarda/spsetup	modules/nixos/firewall.nft	https://github.com/gozzarda/spsetup/blob/HEAD/modules/nixos/firewall.nft
Loongson-Cloud-Community_dockerfiles__kubevirt_virt-handler_0.56.0_ipv6-nat.nft.nft	Loongson-Cloud-Community/dockerfiles	kubevirt/virt-handler/0.56.0/ipv6-nat.nft	https://github.com/Loongson-Cloud-Community/dockerfiles/blob/HEAD/kubevirt/virt-handler/0.56.0/ipv6-nat.nft
openstack-k8s-operators_edpm-ansible__roles_edpm_nftables_files_iptables.nft.nft	openstack-k8s-operators/edpm-ansible	roles/edpm_nftables/files/iptables.nft	https://github.com/openstack-k8s-operators/edpm-ansible/blob/HEAD/roles/edpm_nftables/files/iptables.nft
BasisResearch_certified-firewall-experiment__kernel_examples_nat6.nft.nft	BasisResearch/certified-firewall-experiment	kernel/examples/nat6.nft	https://github.com/BasisResearch/certified-firewall-experiment/blob/HEAD/kernel/examples/nat6.nft
shakibamoshiri_vit__nftables-alpine_ipv6-filter.nft.nft	shakibamoshiri/vit	nftables-alpine/ipv6-filter.nft	https://github.com/shakibamoshiri/vit/blob/HEAD/nftables-alpine/ipv6-filter.nft
jameywine_GPL-for-GP3000__user_nftables_files_nftables_ipv6-raw.nft.nft	jameywine/GPL-for-GP3000	user/nftables/files/nftables/ipv6-raw.nft	https://github.com/jameywine/GPL-for-GP3000/blob/HEAD/user/nftables/files/nftables/ipv6-raw.nft
alexswilliams_home-iac__playbooks_files_router_nftables_nftables-pre-up.nft.nft	alexswilliams/home-iac	playbooks/files/router/nftables/nftables-pre-up.nft	https://github.com/alexswilliams/home-iac/blob/HEAD/playbooks/files/router/nftables/nftables-pre-up.nft
yyjeqhc_nft_fullcone__nft-1.1.1_files_nftables_ipv6-mangle.nft.nft	yyjeqhc/nft_fullcone	nft-1.1.1/files/nftables/ipv6-mangle.nft	https://github.com/yyjeqhc/nft_fullcone/blob/HEAD/nft-1.1.1/files/nftables/ipv6-mangle.nft
a85tract_o2c__evaluation-projects_saved_ruleset.nft.nft	a85tract/o2c	evaluation-projects/saved_ruleset.nft	https://github.com/a85tract/o2c/blob/HEAD/evaluation-projects/saved_ruleset.nft
PH4NTXMOFFICIAL_PH4NTXM__config_includes.chroot_etc_firewall_normal.nft.nft	PH4NTXMOFFICIAL/PH4NTXM	config/includes.chroot/etc/firewall/normal.nft	https://github.com/PH4NTXMOFFICIAL/PH4NTXM/blob/HEAD/config/includes.chroot/etc/firewall/normal.nft
Shigehiro_Linux_tips_2023__RHEL8_nftables_no_conntrack_main.nft.nft	Shigehiro/Linux_tips_2023	RHEL8_nftables_no_conntrack/main.nft	https://github.com/Shigehiro/Linux_tips_2023/blob/HEAD/RHEL8_nftables_no_conntrack/main.nft
middelkoopt_piwulf__containers_warewulf_nat.nft.nft	middelkoopt/piwulf	containers/warewulf/nat.nft	https://github.com/middelkoopt/piwulf/blob/HEAD/containers/warewulf/nat.nft
fadhil-riyanto_nftables-config___001.nft.nft	fadhil-riyanto/nftables-config	_001.nft	https://github.com/fadhil-riyanto/nftables-config/blob/HEAD/_001.nft
archwrt_archwrt-dispatcher__filter.nft.nft	archwrt/archwrt-dispatcher	filter.nft	https://github.com/archwrt/archwrt-dispatcher/blob/HEAD/filter.nft
daveman1010221_nixos__hosts_whitey_nftables.nft.nft	daveman1010221/nixos	hosts/whitey/nftables.nft	https://github.com/daveman1010221/nixos/blob/HEAD/hosts/whitey/nftables.nft
julienbardi_homelab__scripts_homelab.nft.nft	julienbardi/homelab	scripts/homelab.nft	https://github.com/julienbardi/homelab/blob/HEAD/scripts/homelab.nft
ffmancera_nftables-mirror__files_nftables_ipv6-raw.nft.nft	ffmancera/nftables-mirror	files/nftables/ipv6-raw.nft	https://github.com/ffmancera/nftables-mirror/blob/HEAD/files/nftables/ipv6-raw.nft
DSU-DefSec_cyber__open2_nftables-1.0.9_files_nftables_ipv6-mangle.nft.nft	DSU-DefSec/cyber	open2/nftables-1.0.9/files/nftables/ipv6-mangle.nft	https://github.com/DSU-DefSec/cyber/blob/HEAD/open2/nftables-1.0.9/files/nftables/ipv6-mangle.nft
rotkonetworks_networking__backup_nftables_bkk06.nft.nft	rotkonetworks/networking	backup/nftables/bkk06.nft	https://github.com/rotkonetworks/networking/blob/HEAD/backup/nftables/bkk06.nft
nascs_debian11_armhf_rootfs__usr_share_doc_nftables_examples_ipv6-nat.nft.nft	nascs/debian11_armhf_rootfs	usr/share/doc/nftables/examples/ipv6-nat.nft	https://github.com/nascs/debian11_armhf_rootfs/blob/HEAD/usr/share/doc/nftables/examples/ipv6-nat.nft
kennyballou_cfg.nix__eligos_nftables-rules.nft.nft	kennyballou/cfg.nix	eligos/nftables-rules.nft	https://github.com/kennyballou/cfg.nix/blob/HEAD/eligos/nftables-rules.nft
0x8100_handytools__Linux_nft_nft.d_10-input.nft.nft	0x8100/handytools	Linux/nft/nft.d/10-input.nft	https://github.com/0x8100/handytools/blob/HEAD/Linux/nft/nft.d/10-input.nft
TiberiuBesleaga_mini-containe-in-c__rootfs_usr_share_doc_nftables_examples_ipv6-raw.nft.nft	TiberiuBesleaga/mini-containe-in-c	rootfs/usr/share/doc/nftables/examples/ipv6-raw.nft	https://github.com/TiberiuBesleaga/mini-containe-in-c/blob/HEAD/rootfs/usr/share/doc/nftables/examples/ipv6-raw.nft
mirandadrummond_openwrt__build_dir_target-mips_24kc_musl_nftables-json_nftables-1.0.8_files_nftables_ipv6-raw.nft.nft	mirandadrummond/openwrt	build_dir/target-mips_24kc_musl/nftables-json/nftables-1.0.8/files/nftables/ipv6-raw.nft	https://github.com/mirandadrummond/openwrt/blob/HEAD/build_dir/target-mips_24kc_musl/nftables-json/nftables-1.0.8/files/nftables/ipv6-raw.nft
ViniciusVViana_TDS_AP02__runc_rootfs_usr_share_doc_nftables_examples_ipv6-mangle.nft.nft	ViniciusVViana/TDS_AP02	runc/rootfs/usr/share/doc/nftables/examples/ipv6-mangle.nft	https://github.com/ViniciusVViana/TDS_AP02/blob/HEAD/runc/rootfs/usr/share/doc/nftables/examples/ipv6-mangle.nft
universal-ctags_ctags__Units_parser-nftables.r_nftables-limits.d_input.nft.nft	universal-ctags/ctags	Units/parser-nftables.r/nftables-limits.d/input.nft	https://github.com/universal-ctags/ctags/blob/HEAD/Units/parser-nftables.r/nftables-limits.d/input.nft
wikimedia_operations-puppet__modules_profile_files_firewall_base.nft.nft	wikimedia/operations-puppet	modules/profile/files/firewall/base.nft	https://github.com/wikimedia/operations-puppet/blob/HEAD/modules/profile/files/firewall/base.nft
progmaticltd_homebox__roles_firewall_templates_rules_10-outbound.nft.nft	progmaticltd/homebox	roles/firewall/templates/rules/10-outbound.nft	https://github.com/progmaticltd/homebox/blob/HEAD/roles/firewall/templates/rules/10-outbound.nft
CNES_pepsal__conf_pepsal.nft.nft	CNES/pepsal	conf/pepsal.nft	https://github.com/CNES/pepsal/blob/HEAD/conf/pepsal.nft
PaPerseller_r2s-armbian-configure__tproxy_ipv4.nft.nft	PaPerseller/r2s-armbian-configure	tproxy_ipv4.nft	https://github.com/PaPerseller/r2s-armbian-configure/blob/HEAD/tproxy_ipv4.nft
nix-community_nur-combined__repos_eh5_machines_r2s_files_nftables.nft.nft	nix-community/nur-combined	repos/eh5/machines/r2s/files/nftables.nft	https://github.com/nix-community/nur-combined/blob/HEAD/repos/eh5/machines/r2s/files/nftables.nft
lauyv_profile__sing_nftables.d_sing-box.nft.nft	lauyv/profile	sing/nftables.d/sing-box.nft	https://github.com/lauyv/profile/blob/HEAD/sing/nftables.d/sing-box.nft
HolgerHees_smartserver__roles_firewall_templates_etc_nftables_00_init.nft.nft	HolgerHees/smartserver	roles/firewall/templates/etc/nftables/00_init.nft	https://github.com/HolgerHees/smartserver/blob/HEAD/roles/firewall/templates/etc/nftables/00_init.nft
alecthw_chnlist__nftables_po0-example.nft.nft	alecthw/chnlist	nftables/po0-example.nft	https://github.com/alecthw/chnlist/blob/HEAD/nftables/po0-example.nft
zlylong_EdgeRouteGW__core_nftables_tproxy.nft.nft	zlylong/EdgeRouteGW	core/nftables/tproxy.nft	https://github.com/zlylong/EdgeRouteGW/blob/HEAD/core/nftables/tproxy.nft
a85tract_o2c__evaluation-projects_kernel_ruleset.nft.nft	a85tract/o2c	evaluation-projects/kernel_ruleset.nft	https://github.com/a85tract/o2c/blob/HEAD/evaluation-projects/kernel_ruleset.nft
9566618_shadowproxy__root_etc_shadowproxy_shadowproxy.nft.nft	9566618/shadowproxy	root/etc/shadowproxy/shadowproxy.nft	https://github.com/9566618/shadowproxy/blob/HEAD/root/etc/shadowproxy/shadowproxy.nft
ValdikSS_hoogmoon-testing__build_files_etc_v2ray_v2ray-redirect-lan.nft.nft	ValdikSS/hoogmoon-testing	build/files/etc/v2ray/v2ray-redirect-lan.nft	https://github.com/ValdikSS/hoogmoon-testing/blob/HEAD/build/files/etc/v2ray/v2ray-redirect-lan.nft
openstack-k8s-operators_ci-framework__roles_nat64_appliance_files_elements_nat64-router_static_etc_nftables_main64.nft.nft	openstack-k8s-operators/ci-framework	roles/nat64_appliance/files/elements/nat64-router/static/etc/nftables/main64.nft	https://github.com/openstack-k8s-operators/ci-framework/blob/HEAD/roles/nat64_appliance/files/elements/nat64-router/static/etc/nftables/main64.nft
lynxthecat_cake-dual-ifb__cake-dual-ifb.nft.nft	lynxthecat/cake-dual-ifb	cake-dual-ifb.nft	https://github.com/lynxthecat/cake-dual-ifb/blob/HEAD/cake-dual-ifb.nft
ZaneL1u_cloud-cli-proxy__deploy_docker_managed-user_default-deny.nft.nft	ZaneL1u/cloud-cli-proxy	deploy/docker/managed-user/default-deny.nft	https://github.com/ZaneL1u/cloud-cli-proxy/blob/HEAD/deploy/docker/managed-user/default-deny.nft
the-moisrex_linux-dotfiles__firewall_tproxy-to-v2ray.nft.nft	the-moisrex/linux-dotfiles	firewall/tproxy-to-v2ray.nft	https://github.com/the-moisrex/linux-dotfiles/blob/HEAD/firewall/tproxy-to-v2ray.nft
am009_whitelist-tproxy__tproxy_v2ray.nft.nft	am009/whitelist-tproxy	tproxy/v2ray.nft	https://github.com/am009/whitelist-tproxy/blob/HEAD/tproxy/v2ray.nft
trentbuck_nft-examples__nftables-failsafe.nft.nft	trentbuck/nft-examples	nftables-failsafe.nft	https://github.com/trentbuck/nft-examples/blob/HEAD/nftables-failsafe.nft
delejos_conduit-iran-khajubridge__nftables_conduit-region.nft.nft	delejos/conduit-iran-khajubridge	nftables/conduit-region.nft	https://github.com/delejos/conduit-iran-khajubridge/blob/HEAD/nftables/conduit-region.nft
ms-jpq_lab__layers___usr_local_opt_nftables_conf.d_2-input.nft.nft	ms-jpq/lab	layers/_/usr/local/opt/nftables/conf.d/2-input.nft	https://github.com/ms-jpq/lab/blob/HEAD/layers/_/usr/local/opt/nftables/conf.d/2-input.nft
ms-jpq_lab__layers_k3s_usr_local_opt_nftables_dropin.d_3-k3s.nft.nft	ms-jpq/lab	layers/k3s/usr/local/opt/nftables/dropin.d/3-k3s.nft	https://github.com/ms-jpq/lab/blob/HEAD/layers/k3s/usr/local/opt/nftables/dropin.d/3-k3s.nft
ms-jpq_lab__layers_router_usr_local_opt_nftables_dropin.d_3-tor.nft.nft	ms-jpq/lab	layers/router/usr/local/opt/nftables/dropin.d/3-tor.nft	https://github.com/ms-jpq/lab/blob/HEAD/layers/router/usr/local/opt/nftables/dropin.d/3-tor.nft
thayburt_dynamic-nftables__00-core.nft.nft	thayburt/dynamic-nftables	00-core.nft	https://github.com/thayburt/dynamic-nftables/blob/HEAD/00-core.nft
vxiaov_luci-app-openproxy__root_etc_openproxy_rules_nft_openproxy_tproxy.nft.nft	vxiaov/luci-app-openproxy	root/etc/openproxy/rules_nft/openproxy_tproxy.nft	https://github.com/vxiaov/luci-app-openproxy/blob/HEAD/root/etc/openproxy/rules_nft/openproxy_tproxy.nft
ms-jpq_lab__machines_freenas_usr_local_opt_nftables_dropin.d_3-dscp.nft.nft	ms-jpq/lab	machines/freenas/usr/local/opt/nftables/dropin.d/3-dscp.nft	https://github.com/ms-jpq/lab/blob/HEAD/machines/freenas/usr/local/opt/nftables/dropin.d/3-dscp.nft
MatthewCash_nixos-config__systems_nixvm_nixos_firewall_ruleset.nft.nft	MatthewCash/nixos-config	systems/nixvm/nixos/firewall/ruleset.nft	https://github.com/MatthewCash/nixos-config/blob/HEAD/systems/nixvm/nixos/firewall/ruleset.nft
zpeng11_Bypass-Router__nft_bypass.nft.nft	zpeng11/Bypass-Router	nft/bypass.nft	https://github.com/zpeng11/Bypass-Router/blob/HEAD/nft/bypass.nft
myzhang1029_dn42-config-pub__shared_nftables_oracle.nft.nft	myzhang1029/dn42-config-pub	shared/nftables/oracle.nft	https://github.com/myzhang1029/dn42-config-pub/blob/HEAD/shared/nftables/oracle.nft
MayNiklas_nixos__machines_the-hub_ruleset.nft.nft	MayNiklas/nixos	machines/the-hub/ruleset.nft	https://github.com/MayNiklas/nixos/blob/HEAD/machines/the-hub/ruleset.nft
KaseiHaku_Software__V2Ray_TransparentProxy_nftables_nftablesRuleset.nft.nft	KaseiHaku/Software	V2Ray/TransparentProxy/nftables/nftablesRuleset.nft	https://github.com/KaseiHaku/Software/blob/HEAD/V2Ray/TransparentProxy/nftables/nftablesRuleset.nft
Dialgatrainer02_home-lab__templates_homelab-ruleset.nft.j2.nft	Dialgatrainer02/home-lab	templates/homelab-ruleset.nft.j2	https://github.com/Dialgatrainer02/home-lab/blob/HEAD/templates/homelab-ruleset.nft.j2
Tomassone_Universidad__Esercitazioni_SI_NFT_tables_13_09_2023_ruleset.nft.nft	Tomassone/Universidad	Esercitazioni_SI/NFT_tables/13_09_2023/ruleset.nft	https://github.com/Tomassone/Universidad/blob/HEAD/Esercitazioni_SI/NFT_tables/13_09_2023/ruleset.nft
testdasi_openvpn-the-one-docker__scripts_ruleset.nft.nft	testdasi/openvpn-the-one-docker	scripts/ruleset.nft	https://github.com/testdasi/openvpn-the-one-docker/blob/HEAD/scripts/ruleset.nft
lgoette_nixos__machines_lamafarm_ruleset.nft.nft	lgoette/nixos	machines/lamafarm/ruleset.nft	https://github.com/lgoette/nixos/blob/HEAD/machines/lamafarm/ruleset.nft
emmiebyte_nixos__machines_aarch64_arm_ruleset.nft.nft	emmiebyte/nixos	machines/aarch64/arm/ruleset.nft	https://github.com/emmiebyte/nixos/blob/HEAD/machines/aarch64/arm/ruleset.nft
kevindurb_homebrew-router__files_ruleset.nft.nft	kevindurb/homebrew-router	files/ruleset.nft	https://github.com/kevindurb/homebrew-router/blob/HEAD/files/ruleset.nft
testdasi_openvpn-hydesa__scripts_ruleset.nft.nft	testdasi/openvpn-hydesa	scripts/ruleset.nft	https://github.com/testdasi/openvpn-hydesa/blob/HEAD/scripts/ruleset.nft
c834606877_padavan-arm__trunk_user_nftables_nftables-1.1.6_tests_shell_testcases_nft-f_dumps_sample-ruleset.nft.nft	c834606877/padavan-arm	trunk/user/nftables/nftables-1.1.6/tests/shell/testcases/nft-f/dumps/sample-ruleset.nft	https://github.com/c834606877/padavan-arm/blob/HEAD/trunk/user/nftables/nftables-1.1.6/tests/shell/testcases/nft-f/dumps/sample-ruleset.nft
MatthewCash_nixos-config__systems_mango_nixos_firewall_ruleset.nft.nft	MatthewCash/nixos-config	systems/mango/nixos/firewall/ruleset.nft	https://github.com/MatthewCash/nixos-config/blob/HEAD/systems/mango/nixos/firewall/ruleset.nft
marten-seemann_nft__tests_shell_testcases_nft-f_dumps_sample-ruleset.nft.nft	marten-seemann/nft	tests/shell/testcases/nft-f/dumps/sample-ruleset.nft	https://github.com/marten-seemann/nft/blob/HEAD/tests/shell/testcases/nft-f/dumps/sample-ruleset.nft
H-BF_nft__tests_shell_testcases_nft-f_dumps_sample-ruleset.nft.nft	H-BF/nft	tests/shell/testcases/nft-f/dumps/sample-ruleset.nft	https://github.com/H-BF/nft/blob/HEAD/tests/shell/testcases/nft-f/dumps/sample-ruleset.nft
BasisResearch_verified-nftables__ruleset.nft.nft	BasisResearch/verified-nftables	ruleset.nft	https://github.com/BasisResearch/verified-nftables/blob/HEAD/ruleset.nft
sophos_spl-netfilter-public__nftables_tests_shell_testcases_nft-f_dumps_sample-ruleset.nft.nft	sophos/spl-netfilter-public	nftables/tests/shell/testcases/nft-f/dumps/sample-ruleset.nft	https://github.com/sophos/spl-netfilter-public/blob/HEAD/nftables/tests/shell/testcases/nft-f/dumps/sample-ruleset.nft
yyjeqhc_nft_fullcone__nft-1.1.1_tests_shell_testcases_nft-f_dumps_sample-ruleset.nft.nft	yyjeqhc/nft_fullcone	nft-1.1.1/tests/shell/testcases/nft-f/dumps/sample-ruleset.nft	https://github.com/yyjeqhc/nft_fullcone/blob/HEAD/nft-1.1.1/tests/shell/testcases/nft-f/dumps/sample-ruleset.nft
yyjeqhc_rust_nft_fullcone__nftables-v1.1.1_tests_shell_testcases_nft-f_dumps_sample-ruleset.nft.nft	yyjeqhc/rust_nft_fullcone	nftables-v1.1.1/tests/shell/testcases/nft-f/dumps/sample-ruleset.nft	https://github.com/yyjeqhc/rust_nft_fullcone/blob/HEAD/nftables-v1.1.1/tests/shell/testcases/nft-f/dumps/sample-ruleset.nft
DSU-DefSec_cyber__open2_nftables-1.0.9_tests_shell_testcases_nft-f_dumps_sample-ruleset.nft.nft	DSU-DefSec/cyber	open2/nftables-1.0.9/tests/shell/testcases/nft-f/dumps/sample-ruleset.nft	https://github.com/DSU-DefSec/cyber/blob/HEAD/open2/nftables-1.0.9/tests/shell/testcases/nft-f/dumps/sample-ruleset.nft
testdasi_openvpn-hyrosa__scripts_ruleset.nft.nft	testdasi/openvpn-hyrosa	scripts/ruleset.nft	https://github.com/testdasi/openvpn-hyrosa/blob/HEAD/scripts/ruleset.nft
Tomassone_Universidad__Esercitazioni_SI_NFT_tables_11_06_2021_ruleset.nft.nft	Tomassone/Universidad	Esercitazioni_SI/NFT_tables/11_06_2021/ruleset.nft	https://github.com/Tomassone/Universidad/blob/HEAD/Esercitazioni_SI/NFT_tables/11_06_2021/ruleset.nft
MatthewCash_nixos-config__systems_zenbook_nixos_firewall_ruleset.nft.nft	MatthewCash/nixos-config	systems/zenbook/nixos/firewall/ruleset.nft	https://github.com/MatthewCash/nixos-config/blob/HEAD/systems/zenbook/nixos/firewall/ruleset.nft
Shadow-Official_nftables__tests_shell_testcases_nft-f_dumps_sample-ruleset.nft.nft	Shadow-Official/nftables	tests/shell/testcases/nft-f/dumps/sample-ruleset.nft	https://github.com/Shadow-Official/nftables/blob/HEAD/tests/shell/testcases/nft-f/dumps/sample-ruleset.nft
codacy-open-source-projects-scans_nftables__tests_shell_testcases_nft-f_dumps_sample-ruleset.nft.nft	codacy-open-source-projects-scans/nftables	tests/shell/testcases/nft-f/dumps/sample-ruleset.nft	https://github.com/codacy-open-source-projects-scans/nftables/blob/HEAD/tests/shell/testcases/nft-f/dumps/sample-ruleset.nft
jjm2473_nftables__tests_shell_testcases_nft-f_dumps_sample-ruleset.nft.nft	jjm2473/nftables	tests/shell/testcases/nft-f/dumps/sample-ruleset.nft	https://github.com/jjm2473/nftables/blob/HEAD/tests/shell/testcases/nft-f/dumps/sample-ruleset.nft
rcoscali_nftables__tests_shell_testcases_nft-f_dumps_sample-ruleset.nft.nft	rcoscali/nftables	tests/shell/testcases/nft-f/dumps/sample-ruleset.nft	https://github.com/rcoscali/nftables/blob/HEAD/tests/shell/testcases/nft-f/dumps/sample-ruleset.nft
Alphadelta14_nftables__tests_shell_testcases_nft-f_dumps_sample-ruleset.nft.nft	Alphadelta14/nftables	tests/shell/testcases/nft-f/dumps/sample-ruleset.nft	https://github.com/Alphadelta14/nftables/blob/HEAD/tests/shell/testcases/nft-f/dumps/sample-ruleset.nft
rafalohaki_nftable__tests_shell_testcases_nft-f_dumps_sample-ruleset.nft.nft	rafalohaki/nftable	tests/shell/testcases/nft-f/dumps/sample-ruleset.nft	https://github.com/rafalohaki/nftable/blob/HEAD/tests/shell/testcases/nft-f/dumps/sample-ruleset.nft
kw4rk_nftables__tests_shell_testcases_nft-f_dumps_sample-ruleset.nft.nft	kw4rk/nftables	tests/shell/testcases/nft-f/dumps/sample-ruleset.nft	https://github.com/kw4rk/nftables/blob/HEAD/tests/shell/testcases/nft-f/dumps/sample-ruleset.nft
debiansid_nftables-fullcone__tests_shell_testcases_nft-f_dumps_sample-ruleset.nft.nft	debiansid/nftables-fullcone	tests/shell/testcases/nft-f/dumps/sample-ruleset.nft	https://github.com/debiansid/nftables-fullcone/blob/HEAD/tests/shell/testcases/nft-f/dumps/sample-ruleset.nft
mgit-at_nftables__tests_shell_testcases_nft-f_dumps_sample-ruleset.nft.nft	mgit-at/nftables	tests/shell/testcases/nft-f/dumps/sample-ruleset.nft	https://github.com/mgit-at/nftables/blob/HEAD/tests/shell/testcases/nft-f/dumps/sample-ruleset.nft
ksawaray_nftables__tests_shell_testcases_nft-f_dumps_sample-ruleset.nft.nft	ksawaray/nftables	tests/shell/testcases/nft-f/dumps/sample-ruleset.nft	https://github.com/ksawaray/nftables/blob/HEAD/tests/shell/testcases/nft-f/dumps/sample-ruleset.nft
imryao_nftables__tests_shell_testcases_nft-f_dumps_sample-ruleset.nft.nft	imryao/nftables	tests/shell/testcases/nft-f/dumps/sample-ruleset.nft	https://github.com/imryao/nftables/blob/HEAD/tests/shell/testcases/nft-f/dumps/sample-ruleset.nft
niklasf_nftables__tests_shell_testcases_nft-f_dumps_sample-ruleset.nft.nft	niklasf/nftables	tests/shell/testcases/nft-f/dumps/sample-ruleset.nft	https://github.com/niklasf/nftables/blob/HEAD/tests/shell/testcases/nft-f/dumps/sample-ruleset.nft
yaclone_nftables__tests_shell_testcases_nft-f_dumps_sample-ruleset.nft.nft	yaclone/nftables	tests/shell/testcases/nft-f/dumps/sample-ruleset.nft	https://github.com/yaclone/nftables/blob/HEAD/tests/shell/testcases/nft-f/dumps/sample-ruleset.nft
